evidence_id,case_id,domain,subdomain,claim,pressure_or_stabilizer,source_family,original_publication_time,source_ref,access_mode,original_source_status,cutoff_admissibility,independence_group,coverage_segment,base_rate_status,information_amplification_status,possible_coordination_status,representation_reality_gap_status,evidence_quality,confidence,limitations,status
MM-EV-003-001,myanmar_post_coup,FOOD_SECURITY,PRICE_SHOCK_FOOD_AND_FUEL,"WFP reported on 16 March 2021 that monitored food prices were rising after the coup: palm oil in peri-urban Yangon was up 20% since early February, rice in peri-urban Yangon and Mandalay up 4% from the last week of February, and fuel prices about 15% higher nationwide since 1 February.",PRESSURE,WFP,2021-03-16,https://www.wfp.org/news/rising-food-and-fuel-prices-looming-threat-poorest-and-most-vulnerable-myanmar-warns-wfp,DIRECT_WEB,ORIGINAL_PUBLISHER,ADMISSIBLE_AFTER_2021_03_16,WFP,MARKETS_OVER_70_TOWNSHIPS,PARTIAL_MARKET_SAMPLE,LOW,UNKNOWN,LOW,HIGH,HIGH,"Market monitoring covered many locations but not every household or market; price increases varied sharply by township.",WORKING
MM-EV-003-002,myanmar_post_coup,FOOD_SECURITY,REGIONAL_PRICE_HETEROGENEITY,"WFP found much larger local food-price increases in some areas, including rice increases of 20-35% in Bhamo and Putao and higher cooking-oil/pulse prices in parts of Rakhine, showing that national averages could conceal local stress.",PRESSURE,WFP,2021-03-16,https://www.wfp.org/news/rising-food-and-fuel-prices-looming-threat-poorest-and-most-vulnerable-myanmar-warns-wfp,DIRECT_WEB,ORIGINAL_PUBLISHER,ADMISSIBLE_AFTER_2021_03_16,WFP,REGIONAL_MARKETS_KACHIN_RAKHINE,PARTIAL_MARKET_SAMPLE,LOW,UNKNOWN,LOW,HIGH,HIGH,"Regional market prices are not equivalent to household food insecurity; affordability depends on income and access.",WORKING
MM-EV-003-003,myanmar_post_coup,FINANCIAL_ACCESS,BANKING_REMITTANCE_CASH_CONSTRAINTS,"WFP reported near paralysis of the banking sector, slowing remittances and widespread cash-availability limits in March 2021, compounding food and fuel pressures.",PRESSURE,WFP,2021-03-16,https://www.wfp.org/news/rising-food-and-fuel-prices-looming-threat-poorest-and-most-vulnerable-myanmar-warns-wfp,DIRECT_WEB,ORIGINAL_PUBLISHER,ADMISSIBLE_AFTER_2021_03_16,WFP,BANKING_AND_REMITTANCE_ACCESS,PARTIAL,LOW,UNKNOWN,UNKNOWN,HIGH,HIGH,"Describes access constraints, not a complete measurement of all formal and informal finance channels.",WORKING
MM-EV-003-004,myanmar_post_coup,HUMANITARIAN_STABILIZER,CONTINGENCY_FOOD_ASSISTANCE,"WFP reported building contingency food stocks to preserve assistance to more than 360,000 people, mainly internally displaced people in camps, if cash or market supply became constrained.",STABILIZER,WFP,2021-03-16,https://www.wfp.org/news/rising-food-and-fuel-prices-looming-threat-poorest-and-most-vulnerable-myanmar-warns-wfp,DIRECT_WEB,ORIGINAL_PUBLISHER,ADMISSIBLE_AFTER_2021_03_16,WFP,HUMANITARIAN_ASSISTANCE,KNOWN_PROGRAM,LOW,UNKNOWN,UNKNOWN,HIGH,HIGH,"Prepared assistance is a counter-pressure; it does not prove needs were fully met or that broader instability was reduced.",WORKING
MM-EV-003-005,myanmar_post_coup,FOOD_SECURITY,URBAN_HUNGER_AND_DEBT,"By 22 April 2021 WFP warned that pre-existing poverty, COVID-19 and the political crisis were combining to increase hunger; it projected up to 3.4 million additional people could become hungry within six months and described households skipping meals, eating less nutritious food and taking on debt.",PRESSURE,WFP,2021-04-22,https://www.wfp.org/news/wfp-step-operations-response-fast-rising-hunger-myanmar,DIRECT_WEB,ORIGINAL_PUBLISHER,ADMISSIBLE_AFTER_2021_04_22,WFP,URBAN_POOR_AND_DISPLACED,MODELLED_PROJECTION_AND_FIELD_OBSERVATION,LOW,UNKNOWN,LOW,HIGH,HIGH,"The 3.4 million figure is a forward estimate, not an observed count at publication time; household examples are not a population denominator.",WORKING_WITH_PROJECTION_CAUTION
MM-EV-003-006,myanmar_post_coup,HUMANITARIAN_STABILIZER,FOOD_ASSISTANCE_SCALE_UP,"WFP announced a scale-up targeting up to 2 million vulnerable people in poor urban townships and displacement-affected areas while continuing assistance to people affected by long-running conflict.",STABILIZER,WFP,2021-04-22,https://www.wfp.org/news/wfp-step-operations-response-fast-rising-hunger-myanmar,DIRECT_WEB,ORIGINAL_PUBLISHER,ADMISSIBLE_AFTER_2021_04_22,WFP,HUMANITARIAN_ASSISTANCE,KNOWN_PROGRAM,LOW,UNKNOWN,UNKNOWN,HIGH,HIGH,"Targeting and program scale do not establish successful coverage of every intended beneficiary.",WORKING
MM-EV-003-007,myanmar_post_coup,DISPLACEMENT,POST_COUP_INTERNAL_DISPLACEMENT,"UNHCR's 2021 global reporting recorded about 430,000 people newly internally displaced after the 1 February takeover and 671,000 IDPs at year end, alongside displacement into neighboring countries.",PRESSURE,UNHCR,2021-12-31,https://reporting.unhcr.org/myanmar-situation-global-report-2021,DIRECT_WEB,ORIGINAL_PUBLISHER,ADMISSIBLE_YEAR_END_ONLY,UNHCR,NATIONAL_DISPLACEMENT,PARTIAL,LOW,UNKNOWN,UNKNOWN,HIGH,HIGH,"Year-end synthesis is not admissible for early-2021 cutoffs; contemporaneous monthly displacement products should be used for earlier snapshots.",WORKING_WITH_DATE_CAUTION
MM-EV-003-008,myanmar_post_coup,OBSERVATION_AND_COVERAGE,DISPLACEMENT_SNAPSHOT_SENSOR,"UNHCR published a displacement overview dated 21 June 2021, demonstrating that contemporaneous geospatial displacement monitoring existed during the pilot period and can be used instead of later retrospective totals for June cutoffs.",UNKNOWN,UNHCR,2021-06-21,https://data.unhcr.org/en/documents/details/87348,DIRECT_WEB,ORIGINAL_PUBLISHER,ADMISSIBLE_AFTER_2021_06_21,UNHCR,DISPLACEMENT_MONITORING,KNOWN_DOCUMENT,LOW,UNKNOWN,LOW,HIGH,HIGH,"This row establishes an admissible sensor/document, not a numeric displacement claim until the underlying map/data are extracted and validated.",WORKING_SENSOR_NO_NUMERIC_IMPORT_YET
MM-EV-003-009, myanmar_post_coup,OBSERVATION_AND_COVERAGE,PRE_COUP_HOUSEHOLD_BASELINE,"World Bank's Myanmar COVID-19 High-Frequency Phone Survey collected six rounds between May 2020 and 3 February 2021 covering demographics, employment, agriculture, remittances, consumption, food insecurity, health and education, providing a pre-coup baseline across multiple latent-pressure domains.",UNKNOWN,WORLD_BANK_MICRODATA,2021-07-12,https://microdata.worldbank.org/catalog/4035,DIRECT_WEB,ORIGINAL_PUBLISHER,RETROSPECTIVE_METADATA_FOR_PRE_COUP_DATA,WORLD_BANK_HFPS,HOUSEHOLD_BASELINE,KNOWN_SURVEY_DESIGN,LOW,UNKNOWN,LOW,HIGH,HIGH,"Survey observations pre-date the coup, but the metadata page was produced in July 2021; whether individual underlying outputs were publicly observable at each early cutoff must be checked before historical use.",WORKING_WITH_OBSERVABILITY_CAUTION
