node_id,case_id,depth_level,period_start,period_end,node_type,short_label,claim,source_class,source_ref,confidence,alternative_interpretations,counterevidence_or_limitations,status
RU-H1-001,russia_ukraine_2021_2022,H1,2021-03-01,2022-02-24,military_diplomatic_crisis,Pre-invasion escalation,"Large Russian force buildups, coercive diplomacy and security demands immediately preceded the full-scale invasion of 24 February 2022.",official_and_press,NATO/Reuters pre-cutoff corpus,HIGH,"Military pressure may have served bargaining as well as invasion preparation at different points.","Immediate precondition, not root cause.",WORKING
RU-H2-001,russia_ukraine_2021_2022,H2,2014-02-01,2022-02-24,ongoing_conflict,War since 2014,"Russia's annexation of Crimea and the armed conflict in eastern Ukraine created an unresolved security conflict that persisted into 2021-2022.",official_monitoring,NATO/OSCE, HIGH,"The causes and agency within the Donbas conflict are contested in political narratives.","Use event-level OSCE evidence for specific claims.",WORKING
RU-H2-002,russia_ukraine_2021_2022,H2,2014-09-05,2022-02-24,diplomatic_framework,Minsk ceasefire architecture,"The Minsk process created a recurring but incomplete conflict-management framework rather than a durable settlement.",official_monitoring,OSCE Minsk records,MEDIUM_HIGH,"Periods of reduced violence demonstrate partial stabilizing effects.","FAILED_SETTLEMENT != NO_EFFECT",WORKING
RU-H2-003,russia_ukraine_2021_2022,H2,1991-01-01,2022-02-24,energy_interdependence,Energy and transit interdependence,"Russian oil and gas revenues and Ukraine/EU energy dependencies formed an important economic-security background to the conflict.",policy_analysis,NATO Review / energy data,MEDIUM,"Energy interests should not be treated as sufficient explanation for war.","ECONOMIC_LINK != DIRECT_CAUSE",WORKING
RU-H3-001,russia_ukraine_2021_2022,H3,1991-08-24,2008-04-04,post_soviet_security,Post-Soviet security alignment,"Independent Ukraine developed relations with Euro-Atlantic institutions while remaining embedded in post-Soviet economic and security legacies.",official_history,NATO relations timeline / OSCE,MEDIUM_HIGH,"Domestic political change and relations with Russia varied significantly across governments.","Avoid linear NATO-inevitability narrative.",WORKING
RU-H3-002,russia_ukraine_2021_2022,H3,1994-12-05,2014-02-01,security_assurances,Budapest security assurances,"Ukraine gave up inherited nuclear weapons in connection with the NPT and received security assurances in the 1994 Budapest Memorandum.",treaty_record,UN Treaty Collection / OSCE Budapest context,HIGH,"Security assurances were not a NATO-style collective-defence guarantee.","ASSURANCE != ARTICLE_5_GUARANTEE",WORKING
RU-H3-003,russia_ukraine_2021_2022,H3,2008-04-03,2022-02-24,nato_policy,Bucharest membership promise,"NATO's 2008 Bucharest decision stated that Ukraine and Georgia would become members, while no membership timetable or Article 5 protection followed.",official_policy,NATO, HIGH,"Analysts disagree on the causal weight of enlargement policy relative to Russian imperial, domestic and regional factors.","POLICY_DISPUTE != CAUSAL_PROOF",WORKING
RU-H4-001,russia_ukraine_2021_2022,H4,1991-01-01,2022-02-24,european_security_system,Contested European security order,"The post-Cold War European security order combined NATO/EU enlargement, OSCE norms, Russian security claims and unresolved disputes over spheres of influence and sovereign alignment.",multi_source_meta,NATO/OSCE/UN plus scholarship,MEDIUM,"Competing schools attribute different causal weights to alliance policy, Russian revisionism, domestic politics and imperial legacies.","Must preserve competing explanations.",REVIEW_REQUIRED
RU-H5-001,russia_ukraine_2021_2022,H5,1917-01-01,1991-12-26,imperial_soviet_legacy,Imperial and Soviet institutional inheritance,"The Soviet collapse left newly independent states, inherited borders, military assets, economic interdependence and contested historical narratives that became part of the later strategic environment.",historical_candidate,Historical scholarship required,MEDIUM,"This long horizon can become overbroad and teleological if not decomposed into specific mechanisms.","SOVIET_PAST != INEVITABLE_WAR",REVIEW_REQUIRED
